https://d2w9pjl8ozl6el.cloudfront.net/Gold_Coast/MRSCHD-297.jpg,5,0,0,0
https://d2w9pjl8ozl6el.cloudfront.net/Gold_Coast/MRSCHD-297.jpg,26,0,0,0
https://d2w9pjl8ozl6el.cloudfront.net/Gold_Coast/MRSCHD-297.jpg,0,0,0,0
https://d2w9pjl8ozl6el.cloudfront.net/Gold_Coast/MRSCHD-297.jpg,0,0,0,0
https://d2w9pjl8ozl6el.cloudfront.net/Gold_Coast/MRSCHD-297.jpg,0,0,0,0
https://d2w9pjl8ozl6el.cloudfront.net/Gold_Coast/MRSCHD-297.jpg,0,0,0,0
https://d2w9pjl8ozl6el.cloudfront.net/Gold_Coast/bundall-ashmore-south.jpg,0,0,0,0
https://d2w9pjl8ozl6el.cloudfront.net/Metropolitan/Indooroopilly_Western_Fwy_Sth.jpg,1,0,0,0
https://d2w9pjl8ozl6el.cloudfront.net/Metropolitan/Indooroopilly_Western_Fwy_Sth.jpg,1,0,0,0
https://d2w9pjl8ozl6el.cloudfront.net/Metropolitan/Indooroopilly_Western_Fwy_Sth.jpg,11,0,0,0
https://d2w9pjl8ozl6el.cloudfront.net/Metropolitan/Indooroopilly_Western_Fwy_Sth.jpg,9,0,0,1
https://d2w9pjl8ozl6el.cloudfront.net/Metropolitan/Indooroopilly_Western_Fwy_Sth.jpg,18,0,0,2
https://d2w9pjl8ozl6el.cloudfront.net/Metropolitan/Indooroopilly_Western_Fwy_Sth.jpg,27,0,0,3
https://d2w9pjl8ozl6el.cloudfront.net/Metropolitan/Indooroopilly_Western_Fwy_Sth.jpg,39,0,0,4
https://d2w9pjl8ozl6el.cloudfront.net/Metropolitan/Indooroopilly_Western_Fwy_Sth.jpg,52,0,0,5
https://d2w9pjl8ozl6el.cloudfront.net/Metropolitan/Indooroopilly_Western_Fwy_Sth.jpg,64,0,0,5
https://d2w9pjl8ozl6el.cloudfront.net/Metropolitan/Indooroopilly_Western_Fwy_Sth.jpg,76,0,0,5
https://d2w9pjl8ozl6el.cloudfront.net/Metropolitan/Indooroopilly_Western_Fwy_Sth.jpg,12,0,0,3
https://d2w9pjl8ozl6el.cloudfront.net/Metropolitan/Indooroopilly_Western_Fwy_Sth.jpg,24,0,0,6
https://d2w9pjl8ozl6el.cloudfront.net/Metropolitan/Indooroopilly_Western_Fwy_Sth.jpg,37,0,0,7
https://d2w9pjl8ozl6el.cloudfront.net/Metropolitan/Indooroopilly_Western_Fwy_Sth.jpg,5,0,0,0
https://d2w9pjl8ozl6el.cloudfront.net/Metropolitan/Indooroopilly_Western_Fwy_Sth.jpg,10,0,0,0
https://d2w9pjl8ozl6el.cloudfront.net/Metropolitan/Indooroopilly_Western_Fwy_Sth.jpg,15,0,0,0
https://d2w9pjl8ozl6el.cloudfront.net/Metropolitan/Indooroopilly_Western_Fwy_Sth.jpg,35,0,0,0
https://d2w9pjl8ozl6el.cloudfront.net/Metropolitan/Indooroopilly_Western_Fwy_Sth.jpg,50,0,0,1
https://d2w9pjl8ozl6el.cloudfront.net/Metropolitan/Indooroopilly_Western_Fwy_Sth.jpg,67,0,0,1
https://d2w9pjl8ozl6el.cloudfront.net/Metropolitan/Indooroopilly_Western_Fwy_Sth.jpg,84,0,0,1
https://d2w9pjl8ozl6el.cloudfront.net/Metropolitan/Indooroopilly_Western_Fwy_Sth.jpg,101,0,0,1
https://d2w9pjl8ozl6el.cloudfront.net/Metropolitan/Indooroopilly_Western_Fwy_Sth.jpg,118,0,0,2
